[
  {
    "id": "a237dffc-b9a7-4f63-b99a-c1d579cf0fb0",
    "data": [
      {
        "text": "appointment covid-19 test",
        "userDefined": false
      }
    ],
    "isTemplate": false,
    "count": 0,
    "lang": "en",
    "updated": 0
  },
  {
    "id": "f288ae6b-6388-4291-a34d-45df8dc99e6f",
    "data": [
      {
        "text": "appointment for COVID-",
        "userDefined": false
      },
      {
        "text": "19",
        "userDefined": false
      },
      {
        "text": " test",
        "userDefined": false
      }
    ],
    "isTemplate": false,
    "count": 0,
    "lang": "en",
    "updated": 0
  }
]