[
  {
    "id": "a6bfbf34-9f73-49ec-b479-46594f13f79d",
    "data": [
      {
        "text": "What is MIS-C?",
        "userDefined": false
      }
    ],
    "isTemplate": false,
    "count": 0,
    "lang": "en",
    "updated": 0
  },
  {
    "id": "bd293408-4a20-47f4-aeea-85fb2ae0b641",
    "data": [
      {
        "text": "How are babies affected by COVID-",
        "userDefined": false
      },
      {
        "text": "19",
        "userDefined": false
      },
      {
        "text": "?",
        "userDefined": false
      }
    ],
    "isTemplate": false,
    "count": 0,
    "lang": "en",
    "updated": 0
  },
  {
    "id": "f4124226-295f-43ea-9201-c34d1dc90110",
    "data": [
      {
        "text": "Should children wear masks?",
        "userDefined": false
      }
    ],
    "isTemplate": false,
    "count": 0,
    "lang": "en",
    "updated": 0
  },
  {
    "id": "ea249e5b-2676-43db-99c1-a5fb99ff3e6b",
    "data": [
      {
        "text": "What is the risk of my child becoming sick with COVID-",
        "userDefined": false
      },
      {
        "text": "19",
        "userDefined": false
      },
      {
        "text": "?",
        "userDefined": false
      }
    ],
    "isTemplate": false,
    "count": 0,
    "lang": "en",
    "updated": 0
  }
]