[
  {
    "id": "e70b4051-b0db-47c2-94e8-9fd0ac7e1112",
    "data": [
      {
        "text": "What is the difference between isolation and quarantine?",
        "userDefined": false
      }
    ],
    "isTemplate": false,
    "count": 0,
    "lang": "en",
    "updated": 0
  },
  {
    "id": "56d9c2fc-64e0-40a3-bd85-005064d20476",
    "data": [
      {
        "text": "what is HSO?",
        "userDefined": false
      }
    ],
    "isTemplate": false,
    "count": 0,
    "lang": "en",
    "updated": 0
  },
  {
    "id": "89439033-0766-49c5-a2d5-9e0869860271",
    "data": [
      {
        "text": "Who needs to self quarantine?",
        "userDefined": false
      }
    ],
    "isTemplate": false,
    "count": 0,
    "lang": "en",
    "updated": 0
  },
  {
    "id": "ac986e25-0e14-459a-924d-c804e08db9dd",
    "data": [
      {
        "text": "if i am a close contact, will i be tested for covid-",
        "userDefined": false
      },
      {
        "text": "19",
        "userDefined": false
      }
    ],
    "isTemplate": false,
    "count": 0,
    "lang": "en",
    "updated": 0
  },
  {
    "id": "8be77624-82ee-42b3-a769-5bdfb0197fd7",
    "data": [
      {
        "text": "What is contact tracing?",
        "userDefined": false
      }
    ],
    "isTemplate": false,
    "count": 0,
    "lang": "en",
    "updated": 0
  },
  {
    "id": "f27def68-040d-4221-8da6-0632a2906cfd",
    "data": [
      {
        "text": "Am I considered a close contact if I was wearing a mask",
        "userDefined": false
      }
    ],
    "isTemplate": false,
    "count": 0,
    "lang": "en",
    "updated": 0
  },
  {
    "id": "30120df9-c1e8-45fa-8d27-a2665c27d70e",
    "data": [
      {
        "text": "what is close contact?",
        "userDefined": false
      }
    ],
    "isTemplate": false,
    "count": 0,
    "lang": "en",
    "updated": 0
  }
]