[
  {
    "id": "35764fdb-555b-47a0-9a3a-495f3e96d64d",
    "data": [
      {
        "text": "Johor",
        "meta": "@sys.geo-state",
        "alias": "geo-state",
        "userDefined": false
      }
    ],
    "isTemplate": false,
    "count": 1,
    "lang": "en",
    "updated": 0
  },
  {
    "id": "0f332f15-372c-44f8-b03e-0605d03b26d2",
    "data": [
      {
        "text": "Pulau Pinang",
        "meta": "@sys.geo-state",
        "alias": "geo-state",
        "userDefined": false
      }
    ],
    "isTemplate": false,
    "count": 0,
    "lang": "en",
    "updated": 0
  },
  {
    "id": "e93d4b31-5fed-4bd7-a16f-45e40bfc3ded",
    "data": [
      {
        "text": "JOHOR",
        "meta": "@sys.geo-state",
        "alias": "geo-state",
        "userDefined": false
      },
      {
        "text": " CASES",
        "userDefined": false
      }
    ],
    "isTemplate": false,
    "count": 0,
    "lang": "en",
    "updated": 0
  },
  {
    "id": "52db0466-3b33-4170-82af-6ac010c30c27",
    "data": [
      {
        "text": "putrajaya",
        "meta": "@sys.geo-state",
        "alias": "geo-state",
        "userDefined": false
      }
    ],
    "isTemplate": false,
    "count": 0,
    "lang": "en",
    "updated": 0
  },
  {
    "id": "41c243c7-17e9-4f76-b054-e882d76463e5",
    "data": [
      {
        "text": "kuala lumpur",
        "meta": "@sys.geo-state",
        "alias": "geo-state",
        "userDefined": false
      }
    ],
    "isTemplate": false,
    "count": 0,
    "lang": "en",
    "updated": 0
  },
  {
    "id": "78dcc908-b0f6-43c6-b5c2-b0651d2f8789",
    "data": [
      {
        "text": "labuan",
        "meta": "@sys.geo-state",
        "alias": "geo-state",
        "userDefined": false
      }
    ],
    "isTemplate": false,
    "count": 0,
    "lang": "en",
    "updated": 0
  },
  {
    "id": "f9044528-72be-465f-b822-042afa698342",
    "data": [
      {
        "text": "sarawak",
        "meta": "@sys.geo-state",
        "alias": "geo-state",
        "userDefined": false
      }
    ],
    "isTemplate": false,
    "count": 0,
    "lang": "en",
    "updated": 0
  },
  {
    "id": "f775faab-8f16-42b2-b78e-c1af0abc6e2c",
    "data": [
      {
        "text": "sabah",
        "meta": "@sys.geo-state",
        "alias": "geo-state",
        "userDefined": false
      }
    ],
    "isTemplate": false,
    "count": 0,
    "lang": "en",
    "updated": 0
  },
  {
    "id": "77da59af-f67e-41ed-b5f6-24a5abfc696e",
    "data": [
      {
        "text": "kelantan",
        "meta": "@sys.geo-state",
        "alias": "geo-state",
        "userDefined": false
      }
    ],
    "isTemplate": false,
    "count": 0,
    "lang": "en",
    "updated": 0
  },
  {
    "id": "df5e3b36-3909-4731-8f18-d919a1a2a6e3",
    "data": [
      {
        "text": "terengganu",
        "meta": "@sys.geo-state",
        "alias": "geo-state",
        "userDefined": false
      }
    ],
    "isTemplate": false,
    "count": 0,
    "lang": "en",
    "updated": 0
  },
  {
    "id": "02ece9c6-f586-4ed6-87ca-30eda38c68f4",
    "data": [
      {
        "text": "pahang",
        "meta": "@sys.geo-state",
        "alias": "geo-state",
        "userDefined": false
      }
    ],
    "isTemplate": false,
    "count": 0,
    "lang": "en",
    "updated": 0
  },
  {
    "id": "e050b2c6-8aa1-42c7-b5b4-c07a3df08a09",
    "data": [
      {
        "text": "johor",
        "meta": "@sys.geo-state",
        "alias": "geo-state",
        "userDefined": false
      }
    ],
    "isTemplate": false,
    "count": 0,
    "lang": "en",
    "updated": 0
  },
  {
    "id": "819e7100-478c-41a0-b6f9-41ace353e6a4",
    "data": [
      {
        "text": "melaka",
        "meta": "@sys.geo-state",
        "alias": "geo-state",
        "userDefined": false
      }
    ],
    "isTemplate": false,
    "count": 0,
    "lang": "en",
    "updated": 0
  },
  {
    "id": "76d3901a-650c-49cd-bd81-11f111bce28a",
    "data": [
      {
        "text": "negeri sembilan",
        "meta": "@sys.geo-state",
        "alias": "geo-state",
        "userDefined": true
      }
    ],
    "isTemplate": false,
    "count": 0,
    "lang": "en",
    "updated": 0
  },
  {
    "id": "e16ca1e0-988c-42b9-8ff1-3e878a19eaf0",
    "data": [
      {
        "text": "selangor",
        "meta": "@sys.geo-state",
        "alias": "geo-state",
        "userDefined": false
      }
    ],
    "isTemplate": false,
    "count": 0,
    "lang": "en",
    "updated": 0
  },
  {
    "id": "c88abbbc-ea62-443c-a3e8-579cc7d3540e",
    "data": [
      {
        "text": "perak",
        "meta": "@sys.geo-state",
        "alias": "geo-state",
        "userDefined": false
      }
    ],
    "isTemplate": false,
    "count": 0,
    "lang": "en",
    "updated": 0
  },
  {
    "id": "60439545-f377-4136-9de1-ef86f50db2d8",
    "data": [
      {
        "text": "pulau pinang",
        "meta": "@sys.geo-state",
        "alias": "geo-state",
        "userDefined": false
      }
    ],
    "isTemplate": false,
    "count": 0,
    "lang": "en",
    "updated": 0
  },
  {
    "id": "7b23b811-f544-4f9f-a72a-254846226070",
    "data": [
      {
        "text": "kedah",
        "meta": "@sys.geo-state",
        "alias": "geo-state",
        "userDefined": false
      }
    ],
    "isTemplate": false,
    "count": 0,
    "lang": "en",
    "updated": 0
  },
  {
    "id": "6fdaece2-91a9-4148-84e1-ae78119cd3f1",
    "data": [
      {
        "text": "perlis",
        "meta": "@sys.geo-state",
        "alias": "geo-state",
        "userDefined": false
      }
    ],
    "isTemplate": false,
    "count": 0,
    "lang": "en",
    "updated": 0
  }
]