[
  {
    "id": "270dfc33-6cfe-44d4-a1fb-78da36be15d1",
    "data": [
      {
        "text": "COVID-19 Case ",
        "userDefined": false
      },
      {
        "text": "Malaysia",
        "meta": "@sys.geo-country",
        "alias": "geo-country",
        "userDefined": true
      }
    ],
    "isTemplate": false,
    "count": 1,
    "lang": "en",
    "updated": 0
  },
  {
    "id": "d29ddb66-ad22-4b8c-bc9a-3e9b9e825da4",
    "data": [
      {
        "text": "COVID-",
        "userDefined": false
      },
      {
        "text": "19",
        "userDefined": false
      },
      {
        "text": " Case ",
        "userDefined": false
      },
      {
        "text": "Malaysia",
        "meta": "@sys.geo-country",
        "alias": "geo-country",
        "userDefined": true
      }
    ],
    "isTemplate": false,
    "count": 0,
    "lang": "en",
    "updated": 0
  },
  {
    "id": "4f9aceae-2e2b-43d4-93b3-7fae56b9f790",
    "data": [
      {
        "text": "malaysia",
        "meta": "@sys.geo-country",
        "alias": "geo-country",
        "userDefined": true
      }
    ],
    "isTemplate": false,
    "count": 1,
    "lang": "en",
    "updated": 0
  }
]