[
  {
    "id": "97a2577c-3cc4-4fd1-a0b5-c8b1cbfd21d7",
    "data": [
      {
        "text": "COVID-",
        "userDefined": false
      },
      {
        "text": "19",
        "userDefined": false
      }
    ],
    "isTemplate": false,
    "count": 0,
    "lang": "en",
    "updated": 0
  },
  {
    "id": "4fea6af1-be26-437b-a90c-a221bafa9313",
    "data": [
      {
        "text": "what is covid-",
        "userDefined": false
      },
      {
        "text": "19",
        "userDefined": false
      }
    ],
    "isTemplate": false,
    "count": 0,
    "lang": "en",
    "updated": 0
  }
]