[
  {
    "id": "45648f6f-260d-4859-a465-9b76de817847",
    "data": [
      {
        "text": "What should I do if I have symptoms of COVID-",
        "userDefined": false
      },
      {
        "text": "19",
        "userDefined": false
      },
      {
        "text": "?",
        "userDefined": false
      }
    ],
    "isTemplate": false,
    "count": 0,
    "lang": "en",
    "updated": 0
  },
  {
    "id": "24cc68f2-d63e-4845-8e2e-ad1f9b5227bf",
    "data": [
      {
        "text": "What should I do if I have COVID-",
        "userDefined": false
      },
      {
        "text": "19",
        "userDefined": false
      },
      {
        "text": "?",
        "userDefined": false
      }
    ],
    "isTemplate": false,
    "count": 0,
    "lang": "en",
    "updated": 0
  },
  {
    "id": "1f42ccad-988b-4958-bd3c-7d0f925ca1d0",
    "data": [
      {
        "text": "What to do if I sick",
        "userDefined": false
      }
    ],
    "isTemplate": false,
    "count": 0,
    "lang": "en",
    "updated": 0
  }
]