[
  {
    "id": "fa84d679-65f0-4855-8c5d-372e2d30f364",
    "data": [
      {
        "text": "who to call",
        "userDefined": false
      }
    ],
    "isTemplate": false,
    "count": 0,
    "lang": "en",
    "updated": 0
  },
  {
    "id": "536d94ba-b7f4-4288-ba52-dfdfd9851f09",
    "data": [
      {
        "text": "what is the hotline number",
        "userDefined": false
      }
    ],
    "isTemplate": false,
    "count": 0,
    "lang": "en",
    "updated": 0
  },
  {
    "id": "d167a8f8-3d44-41f8-8cc2-1a033bfa4e98",
    "data": [
      {
        "text": "help",
        "userDefined": false
      }
    ],
    "isTemplate": false,
    "count": 0,
    "lang": "en",
    "updated": 0
  },
  {
    "id": "a2b40beb-8387-4045-8b80-9fb4a1d7e9e1",
    "data": [
      {
        "text": "emergency contact",
        "userDefined": false
      }
    ],
    "isTemplate": false,
    "count": 0,
    "lang": "en",
    "updated": 0
  },
  {
    "id": "d0558034-01cd-47f5-b435-f3283f0b5aae",
    "data": [
      {
        "text": "helpline",
        "userDefined": false
      }
    ],
    "isTemplate": false,
    "count": 0,
    "lang": "en",
    "updated": 0
  },
  {
    "id": "bd303d59-d8cd-422e-a96d-e3366ca1670b",
    "data": [
      {
        "text": "help desk",
        "userDefined": false
      }
    ],
    "isTemplate": false,
    "count": 0,
    "lang": "en",
    "updated": 0
  }
]