[
  {
    "id": "5f0e7333-eaea-4799-919f-c40957fb0340",
    "data": [
      {
        "text": "rmco",
        "userDefined": false
      }
    ],
    "isTemplate": false,
    "count": 0,
    "lang": "en",
    "updated": 0
  },
  {
    "id": "862511e5-3b90-4992-b2e7-6c52b145fea0",
    "data": [
      {
        "text": "movement control",
        "userDefined": false
      }
    ],
    "isTemplate": false,
    "count": 0,
    "lang": "en",
    "updated": 0
  },
  {
    "id": "a52b9c4b-f43e-44a5-a0ce-b0093243c21e",
    "data": [
      {
        "text": "mco",
        "userDefined": false
      }
    ],
    "isTemplate": false,
    "count": 0,
    "lang": "en",
    "updated": 0
  },
  {
    "id": "f383b9b8-73b1-4ad6-b113-8f0d5e80819d",
    "data": [
      {
        "text": "cmco",
        "userDefined": true
      },
      {
        "text": " news",
        "userDefined": false
      }
    ],
    "isTemplate": false,
    "count": 0,
    "lang": "en",
    "updated": 0
  },
  {
    "id": "1bbc298a-abdc-49bd-bb94-401501d02fa9",
    "data": [
      {
        "text": "cmco",
        "userDefined": true
      }
    ],
    "isTemplate": false,
    "count": 0,
    "lang": "en",
    "updated": 0
  }
]