[
  {
    "id": "36a019d1-018d-45fb-9150-d5ca26cc3efe",
    "data": [
      {
        "text": "Can I get COVID-",
        "userDefined": false
      },
      {
        "text": "19",
        "userDefined": false
      },
      {
        "text": " from my pets?",
        "userDefined": false
      }
    ],
    "isTemplate": false,
    "count": 0,
    "lang": "en",
    "updated": 0
  },
  {
    "id": "a9257c87-8d50-4dd0-b37a-9c40f3676ca6",
    "data": [
      {
        "text": "can animals carry covid-",
        "userDefined": false
      },
      {
        "text": "19",
        "userDefined": false
      },
      {
        "text": " on their skin or fur?",
        "userDefined": false
      }
    ],
    "isTemplate": false,
    "count": 0,
    "lang": "en",
    "updated": 0
  },
  {
    "id": "52d54065-bd80-4d05-9d26-6fb62fa1f03b",
    "data": [
      {
        "text": "What should I do if my pet gets sick and I think it\u0027s COVID-",
        "userDefined": false
      },
      {
        "text": "19",
        "userDefined": false
      },
      {
        "text": "?",
        "userDefined": false
      }
    ],
    "isTemplate": false,
    "count": 0,
    "lang": "en",
    "updated": 0
  },
  {
    "id": "282b93bb-e02a-4953-886c-2ca3ab7e3a00",
    "data": [
      {
        "text": "Can I use hand sanitizer on pets?",
        "userDefined": false
      }
    ],
    "isTemplate": false,
    "count": 0,
    "lang": "en",
    "updated": 0
  }
]