[
  {
    "id": "03caf859-766c-42c3-9654-bcfa54161309",
    "data": [
      {
        "text": "Should I use soap and water or hand sanitizer to protect against COVID-",
        "userDefined": false
      },
      {
        "text": "19",
        "userDefined": false
      },
      {
        "text": "?",
        "userDefined": false
      }
    ],
    "isTemplate": false,
    "count": 0,
    "lang": "en",
    "updated": 0
  },
  {
    "id": "19a06635-b6c5-47f9-9cec-f85b67363849",
    "data": [
      {
        "text": "What should I do if I close contact with someone who has COVID-",
        "userDefined": false
      },
      {
        "text": "19",
        "userDefined": false
      },
      {
        "text": "?",
        "userDefined": false
      }
    ],
    "isTemplate": false,
    "count": 0,
    "lang": "en",
    "updated": 0
  },
  {
    "id": "0c817444-c2e5-4b8e-9923-5f78660e43a0",
    "data": [
      {
        "text": "Is it okay for me to donate blood?",
        "userDefined": false
      }
    ],
    "isTemplate": false,
    "count": 0,
    "lang": "en",
    "updated": 0
  },
  {
    "id": "20064ffe-928b-4cf1-a899-748a031b487a",
    "data": [
      {
        "text": "Am I at risk for COVID-",
        "userDefined": false
      },
      {
        "text": "19",
        "userDefined": false
      },
      {
        "text": " from mail, packages or products?",
        "userDefined": false
      }
    ],
    "isTemplate": false,
    "count": 0,
    "lang": "en",
    "updated": 0
  },
  {
    "id": "8125aed9-b7fb-4f88-afd1-3dab664e0178",
    "data": [
      {
        "text": "Is it safe to get care for my other medical conditions during this time?",
        "userDefined": false
      }
    ],
    "isTemplate": false,
    "count": 0,
    "lang": "en",
    "updated": 0
  },
  {
    "id": "fdaaf2bd-433d-4526-bdc8-15337d35e850",
    "data": [
      {
        "text": "Who is at a higher risk",
        "userDefined": false
      }
    ],
    "isTemplate": false,
    "count": 0,
    "lang": "en",
    "updated": 0
  },
  {
    "id": "f23fa1ac-a637-48ff-870f-a186cb4aa350",
    "data": [
      {
        "text": "wear face mask",
        "userDefined": false
      }
    ],
    "isTemplate": false,
    "count": 0,
    "lang": "en",
    "updated": 0
  },
  {
    "id": "0e54f854-130f-4bd6-a410-7d1244ee0cdc",
    "data": [
      {
        "text": "Can I leave home?",
        "userDefined": false
      }
    ],
    "isTemplate": false,
    "count": 0,
    "lang": "en",
    "updated": 0
  }
]