[
  {
    "id": "1bff4105-ad7f-403b-8d76-b1ef76dfb375",
    "data": [
      {
        "text": "precautions",
        "userDefined": false
      }
    ],
    "isTemplate": false,
    "count": 1,
    "lang": "en",
    "updated": 0
  },
  {
    "id": "39d7ceb1-8d39-4a96-82b5-1e3ef82d0c48",
    "data": [
      {
        "text": "Covid-",
        "userDefined": false
      },
      {
        "text": "19",
        "userDefined": false
      },
      {
        "text": " Precautions",
        "userDefined": false
      }
    ],
    "isTemplate": false,
    "count": 0,
    "lang": "en",
    "updated": 0
  },
  {
    "id": "561d5b2a-4167-4f27-9923-00d08b03a87f",
    "data": [
      {
        "text": "Coronavirus Prevention",
        "userDefined": false
      }
    ],
    "isTemplate": false,
    "count": 0,
    "lang": "en",
    "updated": 0
  },
  {
    "id": "7f00c122-d0d7-420c-9f75-f8b76f3d8e1b",
    "data": [
      {
        "text": "prevent the spread of disease",
        "userDefined": false
      }
    ],
    "isTemplate": false,
    "count": 0,
    "lang": "en",
    "updated": 0
  },
  {
    "id": "f504f1a5-b957-413a-8b3a-5f6cab6d1aab",
    "data": [
      {
        "text": "How to Protect myself from the Coronavirus",
        "userDefined": false
      }
    ],
    "isTemplate": false,
    "count": 0,
    "lang": "en",
    "updated": 0
  }
]