[
  {
    "id": "f7a51b0c-91c3-4470-8788-62aafb77f2fb",
    "data": [
      {
        "text": "individual RT-PCR",
        "userDefined": false
      }
    ],
    "isTemplate": false,
    "count": 0,
    "lang": "en",
    "updated": 0
  },
  {
    "id": "e19a61c6-59b8-4bd5-9cdc-99eca2c1f0d1",
    "data": [
      {
        "text": "RT-PCR individual Testing",
        "userDefined": false
      }
    ],
    "isTemplate": false,
    "count": 0,
    "lang": "en",
    "updated": 0
  },
  {
    "id": "3ea48834-1870-4e8a-962c-7803086a6fdc",
    "data": [
      {
        "text": "Individual COVID-19 RT-PCR Testing Service",
        "userDefined": false
      }
    ],
    "isTemplate": false,
    "count": 0,
    "lang": "en",
    "updated": 0
  }
]