[
  {
    "id": "8b5482a7-cc5d-47e6-8a64-7225e1d488dc",
    "data": [
      {
        "text": "rt-pcr group",
        "userDefined": false
      }
    ],
    "isTemplate": false,
    "count": 0,
    "lang": "en",
    "updated": 0
  },
  {
    "id": "5a67b81f-7795-4bda-86bc-e40d98e1f4f1",
    "data": [
      {
        "text": "group RT-PCR test",
        "userDefined": false
      }
    ],
    "isTemplate": false,
    "count": 0,
    "lang": "en",
    "updated": 0
  },
  {
    "id": "03a75f51-1ad8-42bc-8356-211cf021f40b",
    "data": [
      {
        "text": "Group COVID-19 RT-PCR Testing Service",
        "userDefined": false
      }
    ],
    "isTemplate": false,
    "count": 0,
    "lang": "en",
    "updated": 0
  }
]