[
  {
    "id": "dc14f453-cbad-4f14-b993-9065adea7282",
    "data": [
      {
        "text": "group rtk test",
        "userDefined": false
      }
    ],
    "isTemplate": false,
    "count": 0,
    "lang": "en",
    "updated": 0
  },
  {
    "id": "c27b5474-36c8-4355-a11c-d80dc7caccd6",
    "data": [
      {
        "text": "RTK group antigen test",
        "userDefined": false
      }
    ],
    "isTemplate": false,
    "count": 0,
    "lang": "en",
    "updated": 0
  },
  {
    "id": "538afb8b-9006-4ebd-92ca-86d7ff24bc75",
    "data": [
      {
        "text": "Group COVID-19 Antigen Rapid Testing (RTK-Ag) Service",
        "userDefined": false
      }
    ],
    "isTemplate": false,
    "count": 0,
    "lang": "en",
    "updated": 0
  }
]