[
  {
    "id": "163cc400-435e-4322-8571-e7a816a013fa",
    "data": [
      {
        "text": "individual rtk test",
        "userDefined": false
      }
    ],
    "isTemplate": false,
    "count": 0,
    "lang": "en",
    "updated": 0
  },
  {
    "id": "1f16f9fd-6f23-4d84-95d5-d9a62eb5f7c7",
    "data": [
      {
        "text": "RTK individual antigen test",
        "userDefined": false
      }
    ],
    "isTemplate": false,
    "count": 0,
    "lang": "en",
    "updated": 0
  },
  {
    "id": "c36c090d-32d8-46eb-a821-5c7f191c6406",
    "data": [
      {
        "text": "Individual COVID-",
        "userDefined": false
      },
      {
        "text": "19",
        "userDefined": false
      },
      {
        "text": " Antigen Rapid Testing (RTK-Ag) Service",
        "userDefined": false
      }
    ],
    "isTemplate": false,
    "count": 0,
    "lang": "en",
    "updated": 0
  }
]