[
  {
    "id": "607ea755-815d-46ea-b7f5-12910a90ca5d",
    "data": [
      {
        "text": "Statistic",
        "userDefined": false
      }
    ],
    "isTemplate": false,
    "count": 1,
    "lang": "en",
    "updated": 0
  },
  {
    "id": "7bf44b4c-217a-49e4-b4c4-6d5071afaeda",
    "data": [
      {
        "text": "covid-19 case",
        "userDefined": false
      }
    ],
    "isTemplate": false,
    "count": 0,
    "lang": "en",
    "updated": 0
  },
  {
    "id": "055221a9-eb12-4024-ac2c-d19454502aa6",
    "data": [
      {
        "text": "show data",
        "userDefined": false
      }
    ],
    "isTemplate": false,
    "count": 0,
    "lang": "en",
    "updated": 0
  },
  {
    "id": "730d7da8-cc55-45e0-9eeb-6a52dec9aa7c",
    "data": [
      {
        "text": "search cases",
        "userDefined": false
      }
    ],
    "isTemplate": false,
    "count": 0,
    "lang": "en",
    "updated": 0
  },
  {
    "id": "6e18b03c-c90e-4aa9-9f93-5e7dbe7eea7e",
    "data": [
      {
        "text": "statistics",
        "userDefined": false
      }
    ],
    "isTemplate": false,
    "count": 0,
    "lang": "en",
    "updated": 0
  }
]