[
  {
    "id": "c73a50c5-5f44-4e8d-9912-0b7f192a9d4b",
    "data": [
      {
        "text": "Latest News 📰",
        "userDefined": false
      }
    ],
    "isTemplate": false,
    "count": 0,
    "lang": "en",
    "updated": 0
  },
  {
    "id": "65e3d0f0-eda5-4482-b583-c49093b67522",
    "data": [
      {
        "text": "Latest News",
        "userDefined": false
      }
    ],
    "isTemplate": false,
    "count": 0,
    "lang": "en",
    "updated": 0
  },
  {
    "id": "82eb5ac7-22c8-4052-b6c0-dc9d4f36b92c",
    "data": [
      {
        "text": "news",
        "userDefined": false
      }
    ],
    "isTemplate": false,
    "count": 0,
    "lang": "en",
    "updated": 0
  },
  {
    "id": "70744861-7916-4da9-986b-34f78a781bc7",
    "data": [
      {
        "text": "latest news",
        "userDefined": false
      }
    ],
    "isTemplate": false,
    "count": 0,
    "lang": "en",
    "updated": 0
  }
]