[
  {
    "id": "70ab0489-6420-45ab-b0f2-47ec26d4436b",
    "data": [
      {
        "text": "COVID-19 Case State",
        "userDefined": false
      }
    ],
    "isTemplate": false,
    "count": 1,
    "lang": "en",
    "updated": 0
  },
  {
    "id": "9c9b0968-b903-4f57-832e-46a3fd88b1a8",
    "data": [
      {
        "text": "COVID-",
        "userDefined": false
      },
      {
        "text": "19",
        "userDefined": false
      },
      {
        "text": " Case State",
        "userDefined": false
      }
    ],
    "isTemplate": false,
    "count": 0,
    "lang": "en",
    "updated": 0
  },
  {
    "id": "d788c67b-0a0e-4c33-af9f-eacc77854fb5",
    "data": [
      {
        "text": "State",
        "userDefined": false
      }
    ],
    "isTemplate": false,
    "count": 0,
    "lang": "en",
    "updated": 0
  },
  {
    "id": "65b74257-a64c-4e7e-81f4-9d7719ff71dc",
    "data": [
      {
        "text": "covid case by state",
        "userDefined": false
      }
    ],
    "isTemplate": false,
    "count": 0,
    "lang": "en",
    "updated": 0
  },
  {
    "id": "680c8785-f6ee-4b7f-b068-1521f59562bd",
    "data": [
      {
        "text": "covid-19 case by state",
        "userDefined": false
      }
    ],
    "isTemplate": false,
    "count": 0,
    "lang": "en",
    "updated": 0
  }
]