[
  {
    "id": "ed1018b7-dc9d-4b97-b57f-161519b6407c",
    "data": [
      {
        "text": "What is community spread?",
        "userDefined": false
      }
    ],
    "isTemplate": false,
    "count": 0,
    "lang": "en",
    "updated": 0
  },
  {
    "id": "89037afc-8753-44b0-9af9-e547880b381f",
    "data": [
      {
        "text": "mosquitoes or ticks spread covid",
        "userDefined": false
      }
    ],
    "isTemplate": false,
    "count": 0,
    "lang": "en",
    "updated": 0
  },
  {
    "id": "83c63149-f933-4ff2-89b5-0ef896e43667",
    "data": [
      {
        "text": "transmitted in hot or humid climates",
        "userDefined": false
      }
    ],
    "isTemplate": false,
    "count": 0,
    "lang": "en",
    "updated": 0
  },
  {
    "id": "1aff79e0-6256-46f7-a375-1ad33e37c2ad",
    "data": [
      {
        "text": "covid transmitted through food",
        "userDefined": false
      }
    ],
    "isTemplate": false,
    "count": 0,
    "lang": "en",
    "updated": 0
  },
  {
    "id": "f51c395e-5ae5-47dd-a469-b44c8045270b",
    "data": [
      {
        "text": "coronavirus stick to clothes",
        "userDefined": false
      }
    ],
    "isTemplate": false,
    "count": 0,
    "lang": "en",
    "updated": 0
  },
  {
    "id": "0d877929-f0f8-4717-9782-30bd5c320c6f",
    "data": [
      {
        "text": "human infected from animal",
        "userDefined": false
      }
    ],
    "isTemplate": false,
    "count": 0,
    "lang": "en",
    "updated": 0
  },
  {
    "id": "edd33d00-32a7-444a-8541-b7b5fd993680",
    "data": [
      {
        "text": "spread through drinking water",
        "userDefined": false
      }
    ],
    "isTemplate": false,
    "count": 0,
    "lang": "en",
    "updated": 0
  },
  {
    "id": "501becf3-e6e4-4ebe-917f-911ae48c46c0",
    "data": [
      {
        "text": "spread through swimming  pool",
        "userDefined": false
      }
    ],
    "isTemplate": false,
    "count": 0,
    "lang": "en",
    "updated": 0
  },
  {
    "id": "71edd119-da34-48fc-961c-673a890b1563",
    "data": [
      {
        "text": "spread through water",
        "userDefined": false
      }
    ],
    "isTemplate": false,
    "count": 0,
    "lang": "en",
    "updated": 0
  }
]