[
  {
    "id": "e01b1d05-6be9-4c19-bd05-33f1139cfdcd",
    "data": [
      {
        "text": "how does covid spread",
        "userDefined": false
      }
    ],
    "isTemplate": false,
    "count": 0,
    "lang": "en",
    "updated": 0
  },
  {
    "id": "5ae825cc-3cca-41a6-8278-982c41c9b601",
    "data": [
      {
        "text": "How is it transmitted",
        "userDefined": false
      }
    ],
    "isTemplate": false,
    "count": 0,
    "lang": "en",
    "updated": 0
  },
  {
    "id": "10720f97-95c4-4bef-b23a-0793469e9e9c",
    "data": [
      {
        "text": "how does the virus spread",
        "userDefined": false
      }
    ],
    "isTemplate": false,
    "count": 0,
    "lang": "en",
    "updated": 0
  },
  {
    "id": "f4755751-7433-46ca-b262-2953278fcbaf",
    "data": [
      {
        "text": "How does COVID-",
        "userDefined": false
      },
      {
        "text": "19",
        "userDefined": false
      },
      {
        "text": " spread",
        "userDefined": false
      }
    ],
    "isTemplate": false,
    "count": 0,
    "lang": "en",
    "updated": 0
  }
]