[
  {
    "id": "9ea8a0f0-7bc5-49a0-aefd-05e5f4b311d9",
    "data": [
      {
        "text": "what is signs of covid",
        "userDefined": false
      }
    ],
    "isTemplate": false,
    "count": 0,
    "lang": "en",
    "updated": 0
  },
  {
    "id": "ccafd959-b297-450e-9092-bcc29b383d0c",
    "data": [
      {
        "text": "Is it possible to have the flu and COVID-",
        "userDefined": false
      },
      {
        "text": "19",
        "userDefined": false
      },
      {
        "text": " at the same time?",
        "userDefined": false
      }
    ],
    "isTemplate": false,
    "count": 0,
    "lang": "en",
    "updated": 0
  },
  {
    "id": "1838e4ff-2320-4e20-8b76-700a3a6e4442",
    "data": [
      {
        "text": "How long to develop symptoms?",
        "userDefined": false
      }
    ],
    "isTemplate": false,
    "count": 0,
    "lang": "en",
    "updated": 0
  },
  {
    "id": "d1e70f93-8650-4c0f-97c9-05d460edf8ca",
    "data": [
      {
        "text": "long-term effects of COVID-",
        "userDefined": false
      },
      {
        "text": "19",
        "userDefined": false
      }
    ],
    "isTemplate": false,
    "count": 0,
    "lang": "en",
    "updated": 0
  },
  {
    "id": "b288ec17-d34c-42b2-87e1-323013fac56f",
    "data": [
      {
        "text": "symptoms of COVID-",
        "userDefined": false
      },
      {
        "text": "19",
        "userDefined": false
      }
    ],
    "isTemplate": false,
    "count": 0,
    "lang": "en",
    "updated": 0
  }
]