[
  {
    "id": "c7fcab81-ba88-4d14-a917-8690d2a23105",
    "data": [
      {
        "text": "If I Had COVID-",
        "userDefined": false
      },
      {
        "text": "19",
        "userDefined": false
      },
      {
        "text": ", Do I Still Need To Get The Vaccine?",
        "userDefined": false
      }
    ],
    "isTemplate": false,
    "count": 0,
    "lang": "en",
    "updated": 0
  },
  {
    "id": "322594ec-9713-499f-903f-a5c243ef224e",
    "data": [
      {
        "text": "Am I ",
        "userDefined": false
      },
      {
        "text": "100%",
        "userDefined": false
      },
      {
        "text": " Safe From COVID-19 Once I Get The Vaccine?",
        "userDefined": false
      }
    ],
    "isTemplate": false,
    "count": 0,
    "lang": "en",
    "updated": 0
  },
  {
    "id": "d0725163-f372-457b-ae01-62d1c52c1805",
    "data": [
      {
        "text": "Are There Side Effects From Taking The Vaccine?",
        "userDefined": false
      }
    ],
    "isTemplate": false,
    "count": 0,
    "lang": "en",
    "updated": 0
  },
  {
    "id": "0e2cbc55-ed44-47a0-8869-11e82892d530",
    "data": [
      {
        "text": "Is It Compulsory To Take The Vaccine?",
        "userDefined": false
      }
    ],
    "isTemplate": false,
    "count": 0,
    "lang": "en",
    "updated": 0
  },
  {
    "id": "9be475ad-7c69-4f29-95e4-4adf97dddf75",
    "data": [
      {
        "text": "How Much Will The Vaccine Cost?",
        "userDefined": false
      }
    ],
    "isTemplate": false,
    "count": 0,
    "lang": "en",
    "updated": 0
  },
  {
    "id": "30523e3b-87b4-469b-9e03-713c78cab608",
    "data": [
      {
        "text": "How Will The Vaccine Be Taken?",
        "userDefined": false
      }
    ],
    "isTemplate": false,
    "count": 0,
    "lang": "en",
    "updated": 0
  },
  {
    "id": "cc7a2737-11dd-4b43-84d5-293b2b6683c8",
    "data": [
      {
        "text": "Is The COVID-",
        "userDefined": false
      },
      {
        "text": "19",
        "userDefined": false
      },
      {
        "text": " Vaccine Safe For Everyone?",
        "userDefined": false
      }
    ],
    "isTemplate": false,
    "count": 0,
    "lang": "en",
    "updated": 0
  },
  {
    "id": "fcbecb48-26d1-44f2-a934-7c22e834ebc3",
    "data": [
      {
        "text": "Is there a vaccine for COVID",
        "userDefined": false
      },
      {
        "text": "-19",
        "userDefined": false
      },
      {
        "text": "?",
        "userDefined": false
      }
    ],
    "isTemplate": false,
    "count": 0,
    "lang": "en",
    "updated": 0
  },
  {
    "data": [
      {
        "text": "what type of vaccine available",
        "userDefined": false
      }
    ],
    "isTemplate": false,
    "count": 0,
    "lang": "en",
    "updated": 0
  },
  {
    "data": [
      {
        "text": "what type of vaccine in ",
        "userDefined": false
      },
      {
        "text": "malaysia",
        "meta": "@sys.geo-country",
        "alias": "geo-country",
        "userDefined": false
      }
    ],
    "isTemplate": false,
    "count": 0,
    "lang": "en",
    "updated": 0
  },
  {
    "data": [
      {
        "text": "does ",
        "userDefined": false
      },
      {
        "text": "malaysia",
        "meta": "@sys.geo-country",
        "alias": "geo-country",
        "userDefined": false
      },
      {
        "text": " have vaccine",
        "userDefined": false
      }
    ],
    "isTemplate": false,
    "count": 0,
    "lang": "en",
    "updated": 0
  }
]